pjmp,ls200fs1,ls200fs2,ls500fs1,ls500fs2,ls1000fs1,ls1000fs2,ls2000fs1,ls2000fs2
0.201955865183845,173,13,55,43,413,103,64,10
0.221061348973308,549,501,2,361,69,97,1,511
0.207963034645654,87,173,49,4,70,445,62,46
0.243029925257433,6,14071,3,479,957,2740,25056,278
0.217306304658996,27,105,255,7,12,57,38,2
0.242837919939775,70,3,8674,20664,6382,2676,717,4655
0.203192652029684,60,7,1,4,175,17,74,2
0.229019146966748,294,15,22,86,3,91,1,18
0.198621363281272,19,107,1,190,1,11,5,2
0.212934787205886,34,4,5,5,41,3,166,4
0.182217424372211,2,8,34,9,7,5,75,4
0.197193500814028,60,135,118,15,1,79,3,34
0.231790079746861,2,26,1168,44,3,34,66,159
0.230612193216803,661,646,16,749,6,147,5,63
0.231766361331102,236,112,5,215,32,1961,114,50
0.189101275289431,54,15,127,4,3,2,48,2
0.239523439370096,1,3,1,1918,5099,36,391,7657
0.184166551233502,57,2,1,13,40,112,1,2
0.210012561150361,243,6,100,102,7,4,1,41
0.228151773627615,182,19,749,12,3,13,371,115
0.188835148250218,19,2,71,13,2,2,2,68
0.216229466551449,4,27,24,5,13,120,3,3
0.224204063669313,648,4,11,77,7,3,250,212
0.218778890856775,10,142,92,161,32,126,57,306
0.182664308798267,3,7,10,15,59,2,35,2
0.186144503022078,17,4,83,38,1,3,1,12
0.200576094123535,204,118,26,2,6,153,1,15
0.21836043527117,1,229,8,376,1,30,87,128
0.21119058712502,61,49,153,142,88,26,30,135
0.220342268943787,1011,2,27,437,1,61,172,63
0.233114488092251,2732,1543,2747,2,62,2,7,186
0.199584975308971,58,46,2,5,377,74,4,34
0.228123376795556,47,47,326,112,201,2,2,1217
0.188901339472504,12,34,10,18,6,20,8,35
0.187369355973788,4,6,1,3,64,87,31,89
0.199621374965645,33,17,262,125,54,2,20,16
0.18514065231313,8,13,1,2,21,23,5,13
0.223757703802548,41,582,1188,24,1,209,1,2
0.243553220042959,338,1213,1895,7,1,135,11,1376
0.217005777677987,196,205,1,28,249,15,4,194
0.224273083359003,268,3,1,1450,150,11,1,386
0.202527593313716,1,89,3,39,8,29,3,115
0.209956197140273,183,119,92,274,198,253,47,101
0.198863554883283,25,3,34,2,3,73,57,137
0.205387891922146,1,149,2,6,388,3,591,9
0.241332077869447,2520,211,76,4981,4,1367,26,6636
0.189957209646236,168,104,25,34,51,2,27,3
0.181408488732995,6,3,35,26,70,23,46,17
0.226254166703438,117,14,114,779,59,142,324,93
0.215749763019849,7,11,86,437,438,180,511,53
0.223926251236117,258,175,54,334,159,1185,256,2
0.188244401142001,12,33,25,5,1,27,42,44
0.218618816324743,61,3,119,2,46,9,171,300
0.234241409739479,49,2,487,159,903,129,3358,95
0.232541507276474,1,2,2,190,1523,2417,648,3271
0.198898992214818,220,119,1,7,2,74,402,42
0.23501077014138,4586,23,1,448,49,8,388,767
0.226181310001994,1,7,31,1000,4,122,18,33
0.200761713214451,6,43,94,48,2,19,3,12
0.208043375408743,15,48,3,83,303,4,1,41
0.212868393854005,46,57,3,4,140,18,52,257
0.233389011530671,2005,126,2,2,2,863,387,1391
0.224604229144752,4,934,1,646,1,2,14,310
0.229844025827479,3751,122,7,731,52,2,10,775
0.18285394950537,1,26,1,29,1,63,3,17
0.181646143981488,8,4,1,20,70,7,1,20
0.209733070266666,166,189,3,54,1,68,133,13
0.239775100674015,758,7,6345,3157,3,9365,13029,519
0.189810586993117,34,34,1,5,5,3,15,12
0.18808530751965,36,4,38,64,7,4,1,81
0.200825048576808,1,9,66,60,4,4,7,40
0.2241851833486,5,499,64,99,1,49,1,87
0.2248297341133,13,127,1,168,26,409,88,21
0.239551537593361,1,732,1,342,1641,1072,1,112
0.193334363632603,1,23,19,249,30,31,2,53
0.197000552164391,4,8,39,18,5,6,6,36
0.197615078648087,7,6,45,76,2,49,1,2
0.230976600474678,252,403,4,206,8,1276,3,5
0.195403019866208,3,5,1,2,1,73,14,202
0.232853952064179,520,801,278,1428,73,48,3,93
0.240422056139214,7548,6203,1,2,105,3,22,9886
0.229544231134932,686,13,51,2,341,197,1815,161
0.228054754585028,349,21,5,2,72,319,579,96
0.181496728108032,3,17,6,2,17,13,1,5
0.190209078815533,10,13,194,3,36,29,35,20
0.234123234526487,584,2280,147,9,10,43,58,674
0.191115842651343,25,7,5,4,106,2,45,16
0.239319671898847,174,1875,5280,32,14027,11,3125,2785
0.234900770795066,317,1348,940,160,360,16,35,272
0.215608302056789,56,160,198,13,111,12,2,2
0.230385430961614,14,5,2,4061,42,29,31,63
0.22973038596916,43,23,3,68,706,269,41,610
0.212186542778509,54,88,31,31,101,190,588,3
0.181179616965819,4,7,11,2,1,2,52,19
0.24091203958611,1,48,1,18,30066,1923,13833,1476
0.228975280758459,1,129,2754,185,1,692,5,1191
0.235338366945507,2870,60,4823,65,631,124,174,398
0.232423374907812,586,1882,194,3787,7,2,349,26
0.228441358399577,346,61,10,769,305,61,2512,97
0.193869076243136,3,27,51,3,191,4,1,7
0.201241138643818,1,60,1,34,8,26,90,3
0.219299203398405,822,17,17,2,1074,2,4,236
0.244706526548835,17039,3868,23215,13369,20,35,1,18
0.194652362096822,83,2,4,8,17,33,28,58
0.215990846389905,183,2,11,559,133,9,26,150
0.201980183889391,1,22,34,136,42,24,77,41
0.225058510642266,15,5,884,12,1,305,11,648
0.22071604300756,311,67,537,34,35,3,10,47
0.228007316981675,1,2,501,27,115,119,218,83
0.184809699243633,37,85,2,45,17,11,5,2
0.196434535224689,5,82,161,15,127,92,4,25
0.186918187962146,1,136,2,45,1,30,11,2
0.208998553883284,574,14,4,23,60,2,333,8
0.203043285689782,24,17,20,12,2,5,476,2
0.223042439249111,159,263,5,5,169,181,3,44
0.189057549448917,1,59,1,3,132,44,11,9
0.195044799202587,332,5,3,18,1,75,26,10
0.224286214548629,307,730,748,237,72,139,156,653
0.203303666125284,1,66,50,6,134,12,4,18
0.2350590512075,752,3547,68,12,25,644,6,92
0.232274454248836,507,14,671,4,1,225,2,33
0.238067026566714,2,1211,1,12,1,4,2962,2
0.193552609022008,198,40,22,13,57,15,101,83
0.188891315836227,7,6,1,200,86,3,37,43
0.198992523386842,89,3,43,79,3,78,15,2
0.20357325161458,183,2,90,7,220,116,17,135
0.193710186142707,51,27,124,36,96,10,152,58
0.233315162584186,1229,411,1161,4495,3233,3,1101,2
0.220392786465818,26,587,264,23,85,213,61,5
0.228387756857555,75,137,16,222,671,71,4,467
0.228136150550563,1,2684,215,332,592,2,98,1154
0.205841064915294,14,84,58,73,1,10,1,14
0.195487294589402,1,2,18,19,128,12,185,17
0.205814689636463,1,3,82,35,39,100,137,3
0.232514983260771,1471,42,69,2,1162,141,72,643
0.202437597048702,22,97,33,3,29,23,111,61
0.218592313693371,11,29,2,13,1267,161,35,46
0.204793098468799,1,167,21,11,211,50,36,2
0.220657664284809,1,4,151,531,146,532,1,339
0.225558651434258,1244,389,24,32,7,410,2,171
0.195289275507675,11,98,10,45,257,99,34,31
0.195372464745305,34,6,2,5,17,10,1,44
0.210696581305237,171,10,22,119,3,36,248,200
0.241535156395985,633,12667,9972,703,1,3,1,4320
0.190287247124361,2,18,65,21,1,3,36,5
0.227505874787457,44,11,32,414,23,114,1,112
0.226445910187904,9,683,5,32,14,109,93,1673
0.197405391455395,4,117,1,113,4,10,18,3
0.187825918163871,12,139,18,41,1,7,1,35
0.242136194406776,8235,1783,804,4052,119,14458,22377,23
0.20151471363497,41,38,1,3,24,115,3,69
0.194002923764056,2,24,2,22,90,56,3,18
0.180792421245715,5,92,1,4,64,72,7,19
0.220728847272694,26,2,5,127,77,58,3,27
0.222306183455512,9,12,1360,500,231,61,510,59
0.192953143463237,85,23,25,25,7,154,106,3
0.201100062220357,84,7,10,51,122,5,34,8
0.224725866091903,1100,24,1,299,6,32,1075,668
0.214222021094756,4,167,5,86,14,5,1,334
0.24158642008435,474,4,13506,13729,79,6,878,488
0.19182036838145,8,2,36,12,7,12,61,58
0.195764415278099,17,9,14,13,22,5,1,5
0.222963157199556,426,47,47,9,1349,13,992,2
0.204393684895476,17,2,15,105,1,17,48,273
0.19222552373074,1,255,16,7,1,7,2,9
0.219042976411292,180,32,1,224,338,22,65,476
0.23004021869041,37,6,3,289,6,422,1725,14
0.19106638758094,2,118,45,2,77,5,26,18
0.225683303753613,31,1309,1,11,87,1625,83,5
0.188493478982709,14,2,35,74,1,117,5,64
0.232794003658928,196,1143,1061,135,47,107,8,1663
0.229282862328691,512,1122,194,438,223,14,8,631
0.218751116455533,64,198,1,5,32,98,10,440
0.244283084872877,23321,14727,2029,456,11441,27961,52,8
0.20571757176891,1,440,16,16,110,24,2,77
0.215834510014392,239,98,3,265,2,502,4,119
0.188416734464699,58,10,50,102,1,49,1,2
0.241884474761318,1,297,36,260,2,11,3920,244
0.204079732928658,21,14,113,212,7,24,832,6
0.22404199915356,193,423,343,62,37,1988,90,285
0.216105211847462,323,4,1,45,115,167,156,39
0.193210994751425,4,7,3,76,23,2,32,4
0.212210938107455,268,12,2,28,9,74,1,34
0.232387062801281,1,1783,146,427,11,246,434,35
0.192876456681406,41,150,70,9,52,67,23,55
0.236675128305797,1872,321,735,1904,1,911,1983,14
0.190458399995696,130,3,2,93,1,51,7,35
0.185561186461709,4,65,36,11,4,15,14,10
0.221906916091684,775,15,225,200,25,18,19,441
0.241803002913948,1,12028,743,8,2,5584,2020,139
0.227041967072291,271,446,1,78,1625,342,2,29
0.225594463952584,85,2,139,79,116,97,365,55
0.2354069147876,3898,10,192,3,2202,10,24,1593
0.230327549950453,4,10,242,175,1,1296,3,1579
0.182439277811209,1,10,11,3,5,171,16,5
0.193270949467551,2,16,17,46,62,33,13,16
0.208736575343646,273,152,19,2,56,12,141,71
0.188519744449295,2,164,1,61,114,80,37,2
0.206772538518999,40,10,2,63,149,21,3,8
0.205973382631782,203,147,50,10,118,215,350,40
0.191324852688704,36,28,5,14,3,18,4,10
0.187954474160215,13,35,5,2,1,55,3,6
0.230742907471722,1,297,3,376,1273,549,1025,7
0.184201664440334,48,4,10,21,8,8,18,9
0.240585795488441,2,818,89,4,5383,1032,1,4653
0.209292318694061,2,18,7,41,83,7,143,52
0.221306598110823,28,147,80,942,8,135,284,10
0.238073244548868,319,1900,179,635,711,576,10,239
0.193120130082825,16,4,34,111,24,12,14,26
0.212006691206479,19,395,342,79,3,93,16,77
0.198835542454617,199,5,7,81,54,16,1,18
0.211135428280104,163,100,71,4,2,91,193,79
0.180220915176906,1,2,31,31,1,13,3,3
0.20781973643112,55,15,6,22,40,69,2,66
0.22809665550827,900,279,1,575,83,1474,959,426
0.236795900375582,1903,2649,4609,71,11,52,589,77
0.203038342579966,87,234,3,2,88,178,21,11
0.235522405018564,3208,243,1202,1267,2316,201,2700,25
0.189543222341454,2,2,1,10,36,5,5,29
0.201249143148307,3,13,3,27,5,26,1,265
0.222602841719054,17,26,544,695,265,43,1,231
0.215218734310474,22,13,11,8,198,14,8,239
0.195284597499995,1,4,1,85,25,109,1,2
0.20719195600599,7,48,264,33,312,34,233,370
0.23086769507383,1110,3,1285,59,416,199,357,287
0.240785941213835,8458,100,353,22,367,5087,101,12842
0.241390312970616,1,484,184,9692,3437,3613,94,315
0.211599158246536,1,19,62,209,15,3,4,4
0.21269153558882,13,104,13,248,58,612,103,221
0.230025762217119,1,167,194,31,1,692,2,1926
0.216254544332623,107,17,201,229,76,9,30,11
0.186403805841692,2,2,1,4,47,80,81,7
0.212281023684191,137,2,712,2,11,31,4,13
0.222380823455751,744,13,1,3,14,15,9,7
0.235417549564736,33,3192,80,2605,350,253,3550,47
0.241502485966776,32,834,11354,3324,30,2697,15,914
0.209935322219972,154,11,1,7,2,124,50,176
0.24221833675052,3056,4610,694,9169,5318,2,609,4251
0.2121500848711,4,3,22,112,238,5,1,2
0.212054443914676,161,197,1,22,220,87,35,11
0.212920437790453,2,287,2,25,46,69,1,17
0.189358846250689,18,54,5,2,26,3,10,28
0.230642494101776,989,169,2297,25,48,8,376,613
0.204429473486962,25,9,3,2,81,214,587,49
0.2077404513699,27,4,3,170,47,4,24,51
0.186880029448075,30,3,132,40,69,16,2,11
0.240245391589124,1,3709,39,1938,1248,603,31,181
0.186493596677901,1,29,2,31,15,2,10,14
0.19609742252971,138,3,4,73,2,164,112,7
0.187929817890981,1,20,2,6,6,3,48,125
0.238909597139573,24,273,4566,87,40,397,2624,1676
0.242094437059714,4,6317,91,917,21,3691,397,5691
0.193318996229209,3,159,26,3,11,5,23,14
0.225983321778476,458,370,1,709,454,1270,10,848
0.243160283500329,8351,6762,258,6535,1,19,315,10
0.238980623430107,147,9,5,1057,39,113,5,2
0.229630657730158,228,16,594,581,36,587,118,1720
0.195036570654484,3,210,13,2,78,5,71,2
0.2024589415011,1,6,44,199,12,2,179,212
0.228345532097155,1406,445,124,19,202,47,2204,3
0.221041724135866,133,452,226,25,148,13,5,220
0.235456667165272,4603,926,533,1364,2110,1675,12,200
0.237031165482476,220,19,1617,491,1853,89,1,25
0.213078779147472,3,2,1,305,1,141,272,37
0.181597903459333,3,14,27,5,28,2,8,16
0.180480229286477,5,9,2,2,44,20,1,3
0.217788370213239,144,33,3,2,74,732,166,198
0.199310322535457,45,101,6,3,38,94,184,16
0.217270032006782,328,370,27,119,1,37,329,3
0.223568632844836,8,231,1835,3,1,5,2,149
0.181600762103917,28,10,31,41,10,22,29,93
0.202065670618322,26,2,1,2,8,7,5,42
0.206766544822603,507,91,7,72,150,131,175,180
0.180899466482224,11,3,11,3,26,25,35,23
0.222016540750628,30,86,1,257,1,15,103,76
0.196366790422471,101,149,235,3,82,202,128,128
0.230637837871909,21,2,1,216,528,330,199,3
0.210689123682678,70,442,800,57,261,22,226,230
0.199815518338,3,2,42,97,37,9,44,7
0.18692239021766,1,14,5,34,52,9,10,13
0.232162415158236,1,850,852,10,189,362,13,20
0.195614136646036,19,134,229,115,127,14,85,4
0.22218709823559,66,690,839,4,154,2,449,26
0.191992985421093,69,8,14,3,60,144,2,8
0.180802700934,24,19,7,58,2,23,24,4
0.187251463145949,1,3,158,10,13,69,12,46
0.229056361740222,264,23,244,2,184,678,19,276
0.221011235634796,736,4,149,521,143,7,87,485
0.243349505238002,3,3627,4,7325,2785,8922,505,20351
0.182667580510024,1,23,23,7,1,36,1,25
0.240883142938837,9193,624,1,5477,3379,2071,221,6891
0.198822014951147,21,62,30,48,67,209,5,101
0.186659455936169,14,27,1,3,59,2,9,4
0.233347331624245,4,602,5,38,12,3722,138,54
0.22942300071707,391,3389,643,184,78,122,85,1073
0.201151275906013,7,28,36,9,4,113,9,85
0.23930503861513,1064,75,1525,3107,2,621,41,145
0.201769378884928,5,35,92,69,18,55,1,82
0.200917898840271,158,62,3,5,1,307,127,127
0.198005111870589,74,34,118,49,7,137,33,3
0.243610204213765,243,2004,21910,5181,74145,30,20,556
0.221477638945216,62,297,5,24,1,114,871,7
0.197764694426442,9,32,1,42,110,14,15,2
0.238838179801824,40,631,3866,11,4369,442,730,563
0.218462313490454,108,199,111,114,441,117,19,8
0.23987730619614,15,3829,9472,121,1091,1351,1483,1698
0.230984627332073,722,776,304,1372,1,3,106,274
0.223748632427305,1,99,606,650,299,84,1,44
0.181469419228379,8,4,3,10,56,71,7,19
0.233482552282512,803,264,294,422,78,15,425,1470
0.218375492034247,7,2,84,8,2,40,1,18
0.222746975783957,1318,654,26,516,503,6,220,1065
0.189344104940537,2,40,44,43,8,131,48,46
0.242739500518655,21100,6906,5712,1405,1,424,1,55
0.183955631679855,1,4,3,24,133,10,1,3
0.227592569360277,94,394,4,1869,852,3,32,354
0.211527416557074,25,46,9,8,61,3,60,42
0.218795435593929,1,10,195,12,38,79,3,121
0.205308958181413,98,10,120,56,3,29,1,58
0.200897714332677,13,177,82,148,2,59,16,2
0.185025442227488,56,2,48,10,87,5,2,2
0.242075318302959,3127,4,49,10550,3,7,135,6482
0.19946232344606,5,16,18,113,35,6,18,4
0.204468405226944,69,6,1,5,14,24,7,11
0.227567709296709,778,198,1,20,552,2,2172,141
0.182120259937365,67,41,4,8,24,2,30,3
0.227707274137065,28,274,133,1148,4,441,1,84
0.239299157833448,257,630,3775,610,1,3216,2,63
0.211322400924983,1,277,420,44,192,10,9,91
0.212719295098213,8,10,15,74,473,63,1,2
0.199988186742412,90,2,113,31,1,35,27,60
0.214299760718131,12,10,2,25,69,588,1,7
0.209011680411641,23,3,472,42,21,2,10,3
0.221645984824281,104,88,38,205,3,694,856,1597
0.207554141684668,23,36,130,62,37,159,7,10
0.238931488004746,562,58,27,473,365,6136,1845,12991
0.203618050258374,3,66,27,63,156,77,24,8
0.218907967689447,2,107,75,95,483,219,8,456
0.199970270063495,1,4,26,76,1,34,83,10
0.200030979390722,9,46,1,66,84,107,15,4
0.197299498006469,7,52,3,18,83,33,1,11
0.185263482575538,7,46,3,11,43,49,3,9
0.244891311529791,5363,5340,30,4004,19,23468,30,11522
0.208109036532696,54,3,162,259,23,50,32,37
0.243806362661999,14929,567,5227,35422,90,38,13051,4349
0.237942720649298,647,3245,3311,2,1,1710,1,334
0.225191773113329,1808,7,59,573,119,139,1011,265
0.219161564555252,6,404,1121,191,584,465,561,463
0.197254197353031,17,140,72,137,3,32,82,64
0.228962140897056,29,581,2958,125,6,362,96,137
0.19932620618958,1,37,85,2,6,6,2,15
0.244629381191917,1,37,7539,128,1425,855,1,13
0.196267250026576,3,2,3,65,31,22,62,17
0.223819972173078,66,392,49,825,92,586,676,581
0.188448043137323,31,8,1,4,50,10,1,35
0.180836632297141,9,3,110,20,1,3,8,9
0.219838769374182,364,30,14,13,170,8,2,4
0.188161642254563,13,6,10,39,6,140,31,33
0.231074185891775,8,1128,26,62,502,152,129,2
0.215001066434197,152,54,6,28,83,322,84,322
0.217265370812966,1,6,1,11,105,19,133,216
0.234163828311721,1,385,1271,2,113,21,1452,3525
0.184666042217286,5,4,1,58,17,72,2,65
0.191298809691798,1,9,1,104,41,14,46,7
0.18465288926498,38,30,4,18,81,19,4,15
0.216322715065908,173,20,10,79,1,305,116,22
0.233466901737265,376,93,16,9,48,764,3,3363
0.215500495746965,102,47,90,5,12,19,1,54
0.237841100040823,27,13,5,361,1,82,4052,2
0.211090278633637,12,2,1,40,343,333,12,49
0.244761940310709,1,14,9872,2,7836,40519,1302,2878
0.20424296601559,67,244,85,102,356,13,12,53
0.202788621135987,7,11,66,8,11,9,5,15
0.235943798187654,413,2996,578,182,1,3,1702,3040
0.234711635820568,304,3958,158,4,2,4132,1,1694
0.213984835211886,152,12,391,31,294,3,14,11
0.22783515181276,17,436,278,3,405,1193,12,818
0.215352847554022,1,14,33,160,63,38,150,59
0.208360824023839,46,167,7,12,549,133,184,22
0.201194242504425,2,2,49,78,18,38,7,20
0.230777489884058,27,2,372,357,1923,267,684,376
0.210603688848205,48,3,1,21,581,118,54,2
0.241010737502947,306,6092,3,252,1268,4305,640,2
0.219375041465973,597,22,4,112,59,116,68,1211
0.226360115663847,1,411,7,1751,279,8,781,174
0.207200747674797,11,3,2,53,32,26,67,31
0.23200556664844,428,345,897,154,528,52,1873,1197
0.20691507862648,401,15,290,27,127,91,27,2
0.222485329026822,6,112,2,21,29,314,1,283
0.211816045057494,68,72,16,42,6,26,1,31
0.222400556016946,1,11,4,36,10,38,9,56
0.233950282738078,60,10,168,6,85,27,937,279
0.184114083439345,24,99,1,26,33,6,16,3
0.221567870407598,121,2,15,364,70,235,88,299
0.21769337788457,943,76,9,23,2,17,5,12
0.241936027978081,7,328,728,8794,794,6,9738,17513
0.219412958396133,501,104,205,25,150,648,55,6
0.196750222984701,1,193,9,37,56,32,6,47
0.187616470935754,6,4,1,5,1,5,123,30
0.217826831240673,4,27,23,360,402,66,1,486
0.206782421000535,68,8,25,49,13,79,40,272
0.231321158155333,3,2039,4,1013,765,540,1,284
0.213887529470958,146,33,20,30,70,11,3,3
0.199305012819823,29,8,51,3,271,124,15,7
0.240082540892763,1255,11,190,2,10746,367,7,4156
0.180752509231679,9,53,1,12,16,5,5,55
0.215183506614994,8,4,87,4,7,1069,48,2
0.202090865809005,44,2,64,3,1,161,50,4
0.244841806623153,2322,23,1236,593,6606,42141,41356,89
0.213610088516725,301,4,1072,38,690,47,2,4
0.217672020704485,237,2,12,29,93,147,215,226
0.219553857313003,166,15,88,548,6,8,1,185
0.18189995841356,15,36,9,40,9,62,1,64
0.224084097953746,3,14,22,18,11,334,13,373
0.240136846286478,134,173,15131,8,758,5,22,303
0.189434743295424,1,164,119,23,8,8,57,2
0.228843210891355,1,38,459,634,1,361,277,530
0.207855118932202,306,28,2,131,52,9,8,108
0.218655930850655,66,573,35,9,609,58,2,2426
0.215129692152841,259,160,9,193,337,133,50,12
0.221462028035894,1,257,703,29,635,92,1583,245
0.232603875939967,886,3362,1,18,1,722,64,5552
0.201601731863338,64,20,22,7,25,39,17,3
0.198023475017399,5,8,8,34,88,2,1,5
0.215483092170907,5,26,184,527,138,85,3,186
0.241232187015703,1507,960,2654,35,12495,92,1,2930
0.241103910059901,229,34,1,1087,1,10060,92,7376
0.20591135222814,1,2,126,9,195,165,1,7
0.194893881144235,24,87,2,5,129,2,1,31
0.211781260076677,16,7,1,65,289,51,1,66
0.200923041355563,6,210,16,112,18,5,85,70
0.241564948400483,2687,2685,11515,2,293,2,351,760
0.240490095887799,12771,950,2629,11,16,1855,8,3
0.228158873618813,1,274,806,332,5,70,1,192
0.210716742052464,1,4,57,62,83,173,23,254
0.194576088684844,11,2,31,21,95,112,24,4
0.194350909339264,213,55,1,15,33,3,17,70
0.243347636749968,16,63,52,14808,17584,1855,2006,29
0.18542888910044,78,2,8,2,5,8,13,8
0.185860946391476,53,95,6,3,40,167,12,4
0.233489083402092,379,190,231,528,1,755,15,914
0.193499726874288,40,52,4,22,68,14,22,38
0.210991420780774,47,46,66,14,310,8,72,136
0.231855133286444,193,289,1,18,3,6,307,875
0.227483950642636,479,69,19,1197,3,12,32,69
0.232302040701034,4,142,5,252,591,1175,1174,16
0.217825671825558,361,178,149,49,2,117,8,78
0.185470140790567,4,45,239,19,19,6,2,18
0.206794379290659,14,30,244,65,63,21,114,3
0.200047566094436,96,267,1,14,1,225,28,7
0.195582648454001,5,76,23,35,2,19,92,53
0.191633154561277,12,47,15,55,2,14,2,121
0.184335793135688,26,18,77,22,2,42,39,2
0.19787895642803,7,19,68,25,140,2,28,81
0.239474276991095,956,6625,8097,132,4331,264,463,6
0.241409575318685,597,10061,158,1800,2,9581,2153,508
0.203033327689627,1,229,21,12,8,32,9,2
0.231511584664695,816,274,1,7,1,450,1814,255
0.243535345557611,11038,7,1161,53799,916,66,441,2007
0.182047623314429,5,66,3,45,8,48,3,58
0.217198966549477,5,277,2,73,410,7,6,324
0.216749105902854,1,76,359,144,10,266,51,262
0.242449016106548,16,9288,17348,5815,17,23454,2,2584
0.228924736918416,1,303,23,6,516,670,164,30
0.211865707645193,19,45,10,94,161,63,13,192
0.191046588975005,37,4,6,114,52,59,4,38
0.219893100586487,60,7,14,94,105,51,21,5
0.195033982318128,2,52,32,35,497,96,5,62
0.239905127921375,3313,124,8915,2546,2,1267,22,66
0.235414904369973,1,164,412,281,6,710,1004,732
0.218334192596376,149,2,271,15,641,16,1,52
0.190267793528037,1,140,36,47,15,21,3,10
0.193196086104726,2,13,59,7,34,5,9,99
0.221099916407838,133,9,3,134,264,504,184,2
0.186827209637268,59,32,22,101,10,15,177,4
0.238846272552619,351,353,1,31,2,3471,37,3979
0.224364843687508,18,749,50,239,9,1265,3,7
0.194603819696931,12,45,27,16,4,2,64,2
0.223491844377713,3,317,85,522,50,13,32,546
0.232596026770771,1,395,1301,215,1,2111,50,22
0.197835350221721,33,41,36,2,1,4,1,31
0.243548357854597,944,541,4888,86,1598,8811,96,15
0.219809046471491,431,57,3,73,63,191,2,66
0.214194870970678,27,32,4,2,110,466,119,13
0.197411930384114,1,18,31,49,55,2,27,18
0.184117580587044,23,3,22,5,1,11,16,42
0.212207108405419,5,3,5,13,52,6,32,2
0.213958114893176,17,68,68,669,2,3,42,96
0.215716939495178,88,4,1,47,19,259,9,4
0.186931620060932,25,180,5,111,57,75,32,13
0.244999128115596,40,14970,172,28660,397,11493,5,52
0.238342558367876,3718,996,1102,74,1391,28,130,5
0.181952845767373,2,11,5,270,61,57,1,43
0.198096652468666,17,4,4,58,131,29,1,3
0.186234025971498,44,25,25,31,6,194,32,42
0.213836765945889,21,215,147,635,9,19,3,49
0.197337218800094,22,2,1,17,9,33,1,74
0.216117394620087,51,250,2,128,15,818,23,1593
0.204202657097485,3,10,38,7,9,12,46,44
0.220930639969883,118,78,162,48,189,206,505,19
0.204077643363271,5,59,11,3,6,10,12,213
0.199371143067256,223,45,92,194,153,23,79,9
0.197427551614819,1,29,2,55,1,118,100,12
0.196485851276666,5,9,166,36,30,80,11,12
0.183092801731545,18,2,23,24,8,2,5,3
0.182008390619885,12,2,2,4,2,4,32,4
0.228357054316439,28,399,70,683,8,348,1437,164
0.226659138749819,104,7,22,155,2,894,17,2242
0.201111508663744,1,68,132,158,1,8,56,201
0.226333086233353,147,2,160,209,121,915,28,277
0.24309285882744,22715,12224,5157,2,1,13,852,800
0.243764388323762,11,37,8447,2035,902,18244,14,29564
0.225008195703849,49,28,153,74,33,13,2,10
0.216829299048986,1,12,23,189,70,8,10,4
0.184117951218504,19,9,4,11,52,44,13,89
0.201601077923551,20,2,83,25,2,24,2,29
0.216557022327324,702,7,14,144,12,135,188,520
0.201503484107088,33,2,1,8,6,55,108,2
0.218510898704408,385,16,205,34,1,761,49,4
0.206293116131565,5,30,35,116,103,5,1,58
0.191184629610507,1,3,3,10,127,158,31,41
0.186917438874952,61,18,15,6,1,85,8,12
0.233757535173791,918,70,1477,3,79,96,190,41
0.189545644506579,2,16,1,11,41,89,2,25
0.190473950505257,1,2,1,69,1,109,9,86
0.241020134803839,614,7205,1912,2070,501,338,931,270
0.19121992938919,23,34,20,82,1,49,16,20
0.228019489205908,400,1375,1190,3,127,151,1,5
0.226684828352882,1,152,1628,263,1,413,295,173
0.188374416993465,75,22,2,28,2,10,1,36
0.212789897394832,9,2,41,15,75,16,23,706
0.216768725352595,49,28,10,27,11,35,1,27
0.239332945923088,2464,2,145,615,141,1760,4,6646
0.202146356527228,1,31,25,67,15,142,21,3
0.231406917053973,163,55,710,2,417,28,186,16
0.243160539385863,1,6,4316,514,12670,3363,3666,13868
0.23080373327015,1478,269,1408,2,32,2,4713,190
0.207477513395715,13,11,28,11,3,19,45,4
0.214174653107766,1,265,1,56,63,24,63,36
0.198187420370523,6,62,6,53,1,4,44,4
0.214746636290802,3,110,358,30,11,272,2,3
0.189515095484676,1,5,2,54,50,10,40,3
0.241916919966461,102,3794,5,2260,1508,2,1670,2
0.242846751728794,1,65,135,6893,50040,3,11,322
0.206480357056716,129,50,2,210,24,22,13,6
0.19973846339155,115,100,57,61,20,113,9,71
0.21595759967342,1,13,5,113,250,19,168,174
0.189390246287221,4,3,5,17,127,46,4,13
0.227080749999732,445,385,103,20,1,11,852,18
0.198667639547493,5,12,35,166,1,41,1,6
0.234386948798783,1286,330,4,5277,1,10,1,54
0.225806278000819,2274,44,1,460,7,4,34,26
0.223463179114042,151,25,302,125,1,33,1,3
0.187079636569833,21,8,13,8,15,40,2,125
0.228651131099323,125,129,4,3364,37,1316,272,331
0.237364706631051,5023,873,3,345,46,4396,14,83
0.221864145993022,3,619,43,3,5,9,53,7
0.196364880482433,1,5,1,2,6,34,4,9
0.224033278205898,52,4,2,652,152,908,1,7
0.214578502151417,2,19,162,90,2,14,182,186
0.206831839234801,619,46,8,118,23,43,2,7
0.187688267834019,4,3,10,37,1,57,25,112
0.242178116290597,18508,2872,712,1838,1,2,5224,18865
0.21602112396853,41,172,8,2,1,188,7,11
0.228950160314562,411,2,219,74,287,4,488,140
0.242586913816631,85,2832,2531,11457,11847,2473,3339,2176
0.201504035498947,1,42,1,8,2,9,23,8
0.208543299103621,1,6,94,71,1,11,14,152
0.205702294518705,78,300,200,9,159,64,4,23
0.20387851965148,5,443,35,13,11,30,4,155
0.187721777125262,1,66,7,194,1,38,4,2
0.240565322769107,462,5413,7775,974,1950,49,4,1180
0.220136281467276,2,3,1,28,1,46,69,7
0.193846646865131,104,44,2,14,2,2,5,7
0.190383718755329,18,22,165,7,13,50,41,139
0.188297883655177,15,3,26,64,1,26,55,7
0.217194813903188,5,4,1,2,509,8,208,471
0.238070352624636,1,388,1,615,173,2958,285,254
0.214690238350304,3,22,80,9,107,127,39,3
0.22056048930157,51,2,30,16,3,22,34,969
0.244848795273574,3,14,195,5749,16520,3508,20727,33160
0.222217389192665,26,228,252,60,475,116,142,9
0.180621136602713,91,16,1,3,34,14,35,2
0.222319373486098,7,22,80,4,1,161,21,50
0.196744961955119,60,46,32,30,38,145,17,10
0.238228233454283,2,3,500,1115,390,4,1189,1849
0.215548996074358,8,120,40,481,1,113,3,94
0.234462195656961,993,3214,384,35,846,55,2,2566
0.240801252606325,588,700,3569,1154,15084,178,2260,11
0.215737010815647,20,9,18,2,63,2,31,192
0.195517549527576,116,118,5,23,8,38,1,3
0.208005439757835,14,11,51,18,19,29,156,147
0.214112688128371,245,2,58,26,765,262,432,334
0.19107488453039,2,10,10,4,7,9,1,16
0.191257098760689,33,13,138,7,1,28,24,32
0.198831275516422,52,26,208,34,72,36,1,21
0.195732872179942,16,11,2,7,4,91,47,19
0.211493436734891,2,196,205,6,16,540,2,12
0.193797020114725,5,2,1,38,11,76,5,58
0.215478757432429,6,476,19,10,127,56,41,51
0.242265789790545,9,2992,3325,107,17,38,21,3764
0.204096021235455,2,75,99,38,235,4,96,111
0.213086209165631,1,49,125,8,1,3,21,49
0.180180411272449,49,19,1,17,23,8,7,75
0.244225254363846,1437,9992,7660,1545,4996,29391,50,32252
0.222386577111902,2227,42,30,3,94,3,194,176
0.228065343793714,1,2127,6,70,768,1520,458,329
0.233875667164102,1,9,187,15,82,157,133,6
0.222520268344088,1,646,1,98,79,847,500,213
0.193077090417501,133,3,4,2,8,62,110,102
0.220607213352341,182,858,1,4,1286,26,276,6
0.185290940358536,98,15,8,4,17,8,47,2
0.242788174947491,239,79,10810,3,5667,147,2738,2
0.231899550175294,172,119,2495,5017,682,3,1195,930
0.235829891108442,5,118,128,2,921,96,2184,529
0.209400268701138,193,6,492,126,98,70,19,138
0.213264711572556,2,229,205,13,2,14,25,258
0.181921738301171,57,31,1,21,2,7,4,3
0.235356166971615,9,2391,86,19,1,5,850,4
0.219106746996986,402,632,99,3,3,360,464,13
0.240329140723916,3403,5,11,684,223,7386,609,232
0.210527247539721,20,25,98,73,66,20,8,41
0.180221258067759,1,16,12,46,1,9,90,5
0.202711670160061,32,12,378,128,34,35,3,84
0.180448806216009,16,19,1,7,27,5,23,10
0.183405313880648,6,20,1,23,1,44,1,4
0.217144685309613,3,54,78,308,20,12,32,93
0.241771298774984,4150,6466,89,1113,8401,591,4,415
0.228429971508449,1049,7,698,77,158,302,1359,63
0.188056548092281,13,120,66,39,54,10,8,24
0.194697843298782,175,16,32,3,62,55,82,7
0.184467871977249,63,13,6,35,9,2,1,11
0.195460425745696,128,19,1,199,57,2,43,31
0.214660981241614,27,11,24,25,3,182,163,119
0.210668194113532,6,261,1,19,16,63,96,18
0.185503652306506,5,3,4,6,22,4,1,38
0.233280290249968,262,2,1435,741,12,12,1545,157
0.229078128173715,2,508,11,1405,195,175,1345,678
0.181734432087978,8,67,3,64,18,12,11,20
0.229697139918571,146,10,3,106,28,3732,1,689
0.225192321508657,1,544,34,242,1,78,500,2
0.199554880685173,211,170,86,14,59,273,2,116
0.185861909004161,1,9,1,2,50,86,1,11
0.225981493607396,887,1888,17,3,2,117,781,618
0.217727464401396,6,15,14,22,2,386,149,317
0.208578415488591,80,27,161,13,2,2,57,136
0.204965976040112,13,14,1,2,2,2,1,67
0.219313547728816,7,3,623,32,92,373,15,3
0.192385334870778,250,33,20,24,1,100,1,16
0.182604303928092,7,2,64,3,1,70,57,63
0.231933707428398,129,2,84,1830,1,23,214,4
0.189740033246344,1,49,10,14,1,39,80,6
0.199761253003962,1,22,32,235,32,13,26,21
0.241633970027324,3182,4088,45,4,1344,2001,1937,15750
0.241378634795547,4555,7095,17,22617,193,3,1243,1305
0.228083183576819,30,569,1233,618,1,7,10,10
0.196580529605271,40,4,27,92,174,11,94,4
0.24216381940525,7548,369,4155,10201,12,1303,3814,247
0.227436775598908,23,1490,3,63,31,96,1075,412
0.235562937889481,35,2,2,3309,3854,500,2974,5
0.211286688820692,32,118,4,185,21,7,16,355
0.221449561349582,102,459,1,307,8,955,199,290
0.232240999470232,10,100,1573,484,462,3,26,29
0.236493533282774,587,96,70,452,6,493,293,269
0.211552756413585,533,4,31,123,1,122,115,52
0.239544549487764,991,1038,1667,10,38,3,471,24
0.205406985041918,12,37,1,42,1,74,5,16
0.209204841285245,81,95,189,31,95,156,7,46
0.230692874600645,1211,256,375,236,2,898,205,8
0.23433261035243,530,385,11,207,116,148,11,781
0.233364107063971,7,214,2547,92,1881,6,1,483
0.189050624663942,2,40,4,2,29,173,6,39
0.198183200211497,84,65,8,3,26,63,23,51
0.223583869399736,5,379,33,14,2,609,1,2
0.207247273999965,8,2,180,5,42,133,117,33
0.181519122919999,4,2,4,17,6,16,2,11
0.221649136886699,23,135,2,3,67,577,319,37
0.205655942325247,20,87,2,27,13,128,2,19
0.189364405995002,80,23,39,3,75,36,12,2
0.236671508027939,36,309,2732,2505,103,2710,7,317
0.194783290406922,109,61,8,3,2,2,2,55
0.236953580937115,18,325,346,92,791,274,18,507
0.218504514202941,183,558,55,339,1169,133,3,20
0.23000548555865,18,30,1872,9,1,935,1,13
0.213391191154951,11,376,31,193,5,2,2,270
0.244280806647148,1652,252,2262,14678,2962,10307,1,12948
0.191484925964614,137,21,1,7,3,7,8,8
0.208204749890137,289,13,7,156,28,16,1,122
0.196874809713336,8,49,13,11,25,44,53,22
0.200335702649318,16,53,8,6,1,21,66,9
0.193082827320322,27,3,4,15,9,22,1,134
0.234087633793242,415,134,1179,656,2302,32,563,103
0.231190053836908,155,14,1915,60,1,120,760,1617
0.180700919239316,4,3,14,15,16,7,1,103
0.194941357763018,25,15,4,126,7,125,21,22
0.222264141740743,1,394,5,517,149,16,1034,315
0.182499283044599,2,17,1,18,2,3,41,84
0.212624917315552,11,139,3,82,10,142,74,34
0.180922900757287,18,5,68,109,1,7,12,46
0.197299320257735,80,20,20,150,1,40,21,212
0.213418019439559,120,125,220,520,1,39,89,6
0.244227623378392,151,176,6263,358,587,7547,470,700
0.199360144347884,9,58,1,26,1,41,97,10
0.22500884613255,328,46,71,400,256,28,386,306
0.238498810008168,4,234,79,1248,142,2046,4956,131
0.215747230104171,4,74,249,308,10,200,377,79
0.183305295235477,51,18,186,30,1,19,49,2
0.241774133598665,34,4493,2,5,1,6005,5914,4868
0.217752276596148,1,54,139,69,135,934,670,8
0.233933468328323,15,104,11,89,3721,5,753,12
0.182979727415368,12,2,174,13,1,33,3,15
0.216221783598885,236,50,1,2,571,8,169,70
0.196569720741827,13,4,1,5,11,2,21,51
0.196787002898054,18,54,127,2,21,20,1,48
0.200289459859487,37,130,83,4,213,5,3,133
0.19202253027237,181,6,1,6,1,6,1,155
0.208013087614672,17,19,2,5,3,18,58,2
0.231159712407971,9,405,26,431,126,3,4,43
0.228973833404016,4,604,921,104,1,3,960,2
0.192427042835625,87,13,10,32,6,33,1,3
0.200717584930826,29,227,1,30,5,132,4,64
0.180053201459814,13,30,4,14,5,14,13,31
0.205680749828462,11,3,15,15,2,889,27,7
0.218811308896402,78,178,55,45,368,121,36,9
0.225632688163314,1,6,31,10,612,35,34,188
0.21981353304931,1212,182,42,77,1,270,7,16
0.230578308042604,35,4156,119,101,74,183,213,792
0.200251953317784,164,37,29,84,59,218,1,7
0.226730950676138,75,1156,2007,172,534,6,75,2
0.214652094031917,64,68,7,8,479,11,3,3
0.181689777171705,9,2,19,3,55,51,1,49
0.202147321909433,42,110,42,34,58,5,5,11
0.186073177653598,53,11,20,10,51,7,24,194
0.240959400127176,5440,4780,4,472,4,3,3165,5536
0.196513332184404,22,11,142,2,3,9,75,52
0.19224535169662,7,2,1,8,20,14,5,18
0.226537074600346,18,347,62,12,31,75,9,8
0.225516818371834,147,2,15,423,647,308,1,1343
0.207195430074353,23,4,1,101,2,5,275,2
0.243641209586058,252,398,282,50,19657,5442,728,14296
0.215457898841705,8,7,472,269,23,2,62,194
0.181522308731219,95,53,8,147,29,8,4,6
0.191814720754046,182,13,57,18,2,10,10,13
0.234458760619164,2,1257,1610,32,95,19,3,101
0.243441915753065,9353,5070,18301,24,3617,19786,190,106
0.240364761403762,61,21,3711,2,368,3292,4,8963
0.216049997960217,2,20,4,25,3,91,1,2
0.191516244867817,23,11,40,2,43,5,1,6
0.241382513894932,14700,24,9278,497,3013,5160,4249,869
0.180279640014051,1,11,9,2,18,5,3,3
0.224495074078441,274,6,234,26,1,81,7,696
0.189848369155079,49,69,6,10,108,26,18,108
0.23835879665683,739,3,1693,5220,10778,6,1,2872
0.210479141634423,41,43,46,7,41,5,21,14
0.209419103286928,2,242,82,35,1,5,474,61
0.225798662031302,3,4,284,783,3,154,1685,2
0.180482717012055,1,30,3,22,5,5,4,13
0.197675942024216,2,39,29,8,1,18,3,64
0.216218598241685,450,6,383,2,125,108,6,103
0.224147452990292,530,33,1045,22,440,64,12,136
0.200739471951965,4,193,6,213,32,37,33,15
0.233218168346211,17,6,2,41,594,42,150,3
0.192480961132096,2,2,17,37,2,12,5,66
0.240831686973106,16714,7797,93,657,8172,1974,14,2
0.218015431697713,1,4,28,262,1,1027,1,2
0.237226175003452,20,2,722,1968,822,4,905,5
0.211897482384229,160,10,1,2,96,16,130,122
0.204795928267995,8,29,163,3,332,188,52,48
0.220261176505592,461,705,257,94,330,479,15,77
0.181308188958792,1,2,40,35,3,14,1,6
0.211848792382516,21,218,54,5,115,15,128,62
0.224417324542301,114,11,1,24,28,190,207,10
0.21931405542884,30,43,7,177,134,13,542,13
0.23818782138289,569,253,6437,1483,1,2,3590,596
0.212285877851536,65,6,2,23,20,5,92,12
0.207250950712478,1,10,3,3,1,10,4,4
0.231257269690977,32,10,477,441,11,1320,1136,362
0.227534044337226,1,350,303,10,8,279,2065,179
0.20860044039553,46,24,38,2,36,4,10,44
0.234421899663284,3128,1278,2,1504,11,170,2436,55
0.201134078757605,1,23,2,6,6,4,13,2
0.209513448592043,19,350,14,4,1,3,76,22
0.213466151299654,726,50,128,34,75,24,15,328
0.227962051484501,467,122,5,27,34,34,1,21
0.218543016379699,1,122,259,48,138,806,1,335
0.220238250172697,474,47,408,50,71,194,1023,120
0.182899242606945,3,2,5,27,1,3,2,24
0.239215822340921,2,3723,1276,1914,1,2,2,56
0.185986389083555,1,43,54,16,87,81,5,90
0.224660190121504,90,48,540,1042,3,25,597,75
0.22104575112462,74,2,2,138,714,196,138,7
0.238201643802458,154,81,2343,292,3341,33,879,5120
0.241291379553732,2700,856,10244,4709,1,4,1674,5650
0.213673502757447,61,71,45,2,65,4,2,20
0.21706296326709,51,3,23,40,81,404,504,5
0.190552237222437,2,169,14,92,35,56,71,117
0.213916888643289,2,209,134,3,41,2,3,278
0.210222851145081,4,125,26,102,314,363,22,162
0.182855564256897,12,60,12,2,57,10,112,13
0.208748956144555,356,3,76,147,273,197,17,40
0.23583709566039,430,936,117,547,9,238,1013,759
0.181454826957779,1,31,11,8,54,106,18,29
0.201783450818621,61,59,13,2,1,709,9,5
0.223890793201281,266,22,208,5,61,479,4,3
0.239675742052495,1,361,48,10755,26,3,1,21
0.200369000533829,1,4,6,115,90,59,17,8
0.185732372067869,1,5,1,91,9,17,3,15
0.185314774957951,40,53,1,62,22,4,30,23
0.22852564771194,641,23,115,192,1009,160,280,353
0.20769539724919,52,3,2,2,123,5,7,61
0.214105895266403,66,140,87,7,314,35,187,298
0.227049304364482,40,672,28,307,33,673,595,1700
0.20761556135607,307,39,5,22,5,657,1,16
0.219214106929721,410,4,5,94,172,3,142,11
0.184779369800817,1,27,1,16,221,10,22,3
0.190384419898037,1,41,81,43,3,24,1,83
0.19224194265902,1,8,12,13,7,14,2,46
0.204004899864085,1,109,38,129,94,11,72,5
0.237314162246184,2393,634,118,3,48,2381,148,50
0.237016053888947,313,2261,7292,5,6,4616,310,222
0.200821869318606,85,21,1,14,3,11,3,54
0.214566871391144,40,387,45,28,13,429,1,97
0.22190126471105,40,464,3,37,1338,53,6,77
0.221702752836281,1,195,14,348,1,2,1,20
0.192408761427505,1,71,24,242,4,5,8,43
0.226232279364485,28,60,2033,2,52,7,605,128
0.201090848600725,25,82,1,107,2,33,2,328
0.197292004047194,1,175,82,101,34,86,15,211
0.227036442983663,1,127,1,8,3,59,442,55
0.229512794731418,297,60,89,3069,1608,147,498,151
0.240287146166665,1,30,641,944,23,110,409,6
0.224000020759413,90,566,7,436,2,91,262,82
0.219636465178337,9,1344,1,3,1,41,232,10
0.1942765085469,13,25,35,10,13,69,209,2
0.239557150563924,221,6212,1,74,398,184,24,5196
0.240389695048798,3,22,3188,204,13,9899,1910,1577
0.19094483108609,13,33,98,6,50,17,1,14
0.214765341087477,157,155,10,47,5,2,2,261
0.183954756889725,2,10,1,6,1,11,26,60
0.238663858886575,755,1573,9,1276,1697,123,188,863
0.189407029687427,1,117,1,13,6,27,2,9
0.186592858805088,39,20,1,19,109,7,16,2
0.233286768703256,61,1200,820,4,1851,553,916,1574
0.22422466461896,149,2186,1,365,253,2,68,17
0.194380665461067,1,26,26,104,36,47,285,2
0.216377460752847,4,17,55,172,82,438,1,105
0.240786252807593,5884,80,4036,23,516,6,1499,966
0.185640673909802,7,62,1,65,1,7,1,139
0.180102612429764,5,76,21,4,24,3,76,32
0.184762235004455,9,8,20,122,13,2,3,3
0.230418679751456,4,2,1404,147,361,31,13,11
0.226439437001245,8,984,1,102,19,248,282,4
0.216665767610539,57,252,4,173,130,29,6,68
0.184937479214277,74,3,39,22,9,27,10,12
0.223047848379938,9,229,4,13,238,741,1,8
0.198463612891501,13,192,109,208,1,88,1,5
0.219898853213526,30,94,316,518,1,55,717,156
0.222008643243462,5,305,524,133,12,30,3,81
0.187001381512964,1,28,20,184,3,6,35,4
0.243925515394658,3969,6049,1,9077,7,15606,12882,40
0.199686806930695,4,14,15,47,2,31,16,3
0.236482741505606,18,60,2,740,3,6,5083,857
0.224050191652495,19,504,1064,282,358,53,1584,133
0.243369555809768,99,15,10788,4,1,4,668,2665
0.182073887101142,17,111,1,6,1,2,2,14
0.192232829786371,4,86,6,10,1,38,2,2
0.223955158295576,1447,3,2,19,1,23,236,3
0.193732870483072,24,5,2,19,1,173,75,491
0.220769011358498,132,50,220,202,1,131,149,32
0.194326883309986,3,26,1,61,1,7,44,2
0.188495019108523,1,3,20,102,1,40,1,4
0.191138027433772,85,5,47,108,3,4,8,24
0.221123618811835,1,562,809,1365,17,269,41,2
0.242368789741304,1,7210,246,477,116,9579,20916,3
0.217846783729037,35,131,41,11,16,258,19,2
0.244471510517178,11315,11294,128,5094,6,678,5584,5
0.23106643173378,1,222,655,19,608,14,13,4
0.226684339600615,1,31,1,22,84,16,572,678
0.196750883099157,9,45,10,6,16,4,25,18
0.202785688153235,126,7,19,97,2,136,3,25
0.221474359484855,123,13,1406,392,189,312,4,3
0.196725923347985,33,64,1,12,2,187,3,4
0.215044954299228,27,2,49,593,707,472,1,167
0.228204635087168,113,38,36,102,949,2,4,40
0.203009942100616,1,155,1,42,147,204,241,17
0.235818112822017,18,2,79,311,2207,46,2018,111
0.2442874558724,302,15892,4379,10735,1127,1895,4155,5806
0.185050626249285,1,36,39,31,48,56,1,7
0.243180453055538,1859,59,4631,18132,1,3,13796,2
0.209204428989906,1,29,19,2,2,185,57,15
0.228788525331765,287,94,1,263,1,8,176,5
0.185386620602803,66,137,11,24,24,3,1,7
0.210172486219089,231,41,7,4,209,30,3,6
0.217189119163668,18,9,422,2,2,492,50,64
0.204512927342439,50,143,83,7,6,62,1,2
0.244945778781548,2265,18602,2,43,839,19657,4325,7092
0.201555135225644,54,62,3,15,90,19,270,3
0.182336281704484,3,23,5,15,1,74,21,41
0.187517610661453,150,7,21,24,3,4,6,6
0.238635001708753,890,9,10,5888,1,19,1,5
0.202128994569648,10,57,2,18,71,10,171,88
0.216794175989926,1,9,730,127,1,28,131,2
0.244655325484928,13170,19720,863,52984,6,17897,18463,11
0.216240939615527,1,768,1,70,19,23,134,14
0.199594064481789,8,5,36,61,9,26,1,91
0.182295640232041,2,29,12,22,7,3,20,5
0.234920214448357,6,9,2427,148,4,18,580,255
0.19902788687963,16,22,1,438,25,2,1,51
0.199290906229289,3,2,8,14,39,15,14,2
0.230598996845074,13,1077,1,643,24,12,1303,290
0.211486390560167,1,36,1,35,1,15,1,136
0.185981747352052,19,20,7,6,6,33,61,2
0.201084462086437,38,2,6,6,2,14,16,15
0.215186865559081,39,281,69,4,273,85,32,95
0.194272980964743,1,31,11,32,1,92,34,34
0.184295541469473,5,8,77,34,91,2,48,2
0.20171751290909,1,21,1,52,12,3,6,62
0.200612783898832,100,159,64,3,19,25,134,82
0.201580238008173,46,22,6,43,189,3,43,66
0.184042158810189,22,4,22,2,1,111,55,99
0.201170032582013,2,14,1,92,38,32,88,100
0.232122896052897,810,140,68,29,22,192,1440,270
0.201948475497775,22,78,26,3,68,52,279,21
0.223003007724183,8,98,2,663,56,966,1023,34
0.191470838261303,7,87,1,8,76,188,2,4
0.243185130034108,5562,8197,1632,3,106,14261,1,653
0.234843878018437,333,2612,417,178,376,43,2,751
0.224623494292609,274,3,1259,149,5,41,94,6
0.212939157342771,2,11,104,287,41,30,123,40
0.20018356701592,11,7,184,49,80,261,87,3
0.243753593943547,464,293,5,122,59,134,4954,2197
0.225361870373599,140,36,941,365,14,157,49,93
0.197316890822258,9,33,133,2,28,3,172,2
0.199622605722398,55,21,10,6,28,28,2,134
0.23278807470575,242,3,904,5,2,148,35,38
0.226422668099403,1,3,310,19,50,495,7,343
0.183798831795575,15,4,56,9,39,10,9,14
0.220690565704135,463,8,323,2,1,2,13,5
0.203223327707965,118,15,1,3,112,2,170,70
0.242903208555654,8195,3,1,16,3,126,14853,2216
0.239897724917391,14,5699,12,328,2179,7908,308,26
0.210047299533617,1,55,1,6,62,45,23,309
0.199449278959073,81,3,145,16,9,78,95,47
0.183070791671053,4,11,2,31,1,2,14,35
0.208313655412057,29,8,65,16,7,38,177,43
0.185600528015057,4,51,8,5,3,54,1,197
0.213614369317656,17,6,1,206,21,143,16,316
0.189594649643404,1,53,5,2,3,113,46,61
0.185897745479597,27,69,8,13,53,2,49,18
0.240412606066093,16,5,36,53,4523,2,1057,2044
0.235893258630531,1,543,1355,434,651,1119,1087,5
0.219225287272129,70,89,257,2,611,191,207,348
0.19971783748595,87,72,415,4,28,32,33,12
0.19321089778794,66,141,1,84,106,102,20,5
0.227947492887033,140,2,222,1528,28,45,1,74
0.201559443903388,52,13,187,5,245,6,1,8
0.23007542401785,741,276,1189,88,5374,125,1,15
0.239652317069704,4664,1593,5293,1820,823,5646,289,456
0.19331757072825,2,32,1,35,11,8,208,2
0.219651425371412,2,1017,2,215,588,2,207,16
0.232528961000498,1,1182,11,309,1,39,4815,2969
0.236783343112329,514,1712,6,2150,601,162,2,4869
0.194003640116425,2,3,119,62,29,3,25,24
0.190089494113345,1,26,14,2,2,21,16,2
0.235554999823216,381,403,1597,66,717,98,326,1742
0.242249639051734,487,3773,13313,2,1,27,5375,1526
0.184715536257718,106,3,1,3,129,63,14,21
0.217847176895011,1121,2,76,290,732,3,10,187
0.216716087058885,1,18,2,263,1196,25,17,2
0.225821164975641,284,132,50,106,210,8,12,3
0.244494780391688,1,352,1,36575,3639,146,12161,3019
0.197100046643754,29,223,56,50,168,35,295,161
0.224838272272609,156,4,13,142,31,11,32,444
0.219785724974936,5,32,218,54,2,127,4,218
0.203344729306409,2,22,4,10,37,45,50,102
0.197472053813981,2,174,31,10,68,12,147,193
0.220418954726774,195,38,206,240,70,142,37,2
0.242679375227308,3384,2813,3170,1360,18504,8107,1838,3263
0.191912047546357,32,24,5,21,157,2,5,83
0.204994513194542,456,37,4,2,7,4,9,2
0.215312104199547,1,123,155,52,4,30,45,156
0.243889446264366,13,12,2661,2,1074,9534,25,7
0.225148416375741,51,13,890,187,76,87,2134,1262
0.186322811638238,4,10,1,19,20,19,84,11
0.233201208347455,1,1899,2227,2755,109,4090,467,627
0.220284039487597,1,254,1,152,3,106,59,3
0.192251506797038,21,6,2,23,2,7,4,3
0.192963838246651,91,32,24,74,93,36,66,2
0.226093347382266,30,78,1,15,70,34,1420,68
0.187335690545151,2,3,8,100,3,4,1,3
0.197609447849682,1,26,16,9,1,16,7,2
0.228930204905337,240,2911,1,159,58,1069,146,27
0.195897054531379,1,45,104,87,155,42,25,207
0.190916161161149,4,2,39,68,13,15,62,17
0.191096986075863,17,15,45,18,7,7,49,3
0.223503743811743,1,19,154,63,3,59,5,72
0.196347417974612,19,7,1,2,2,47,12,98
0.203903971711406,44,3,15,203,135,4,186,3
0.218104182798415,74,112,38,31,513,41,1,4
0.200245991296833,56,2,5,9,5,99,389,3
